transaction_id,expected_invoice
B0001,INV0001
B0002,INV0002
B0003,INV0003
B0004,INV0004
B0005,INV0005
B0006,INV0006
B0007,INV0007
B0008,INV0008
B0009,INV0009
B0010,INV0010
B0011,INV0011
B0012,INV0012
B0013,INV0013
B0014,INV0014
B0015,INV0015
B0016,INV0016
B0017,INV0017
B0018,INV0018
B0019,INV0019
B0020,INV0020
B0021,INV0021
B0022,INV0022
B0023,INV0023
B0024,INV0024
B0025,INV0025
B0026,INV0026
B0027,INV0027
B0028,INV0028
B0029,INV0029
B0030,INV0030
B0031,INV0031
B0032,INV0032
B0033,INV0033
B0034,INV0034
B0035,INV0035
B0036,INV0036
B0037,INV0037
B0038,INV0038
B0039,INV0039
B0040,INV0040
B0041,INV0041
B0042,INV0042
B0043,INV0043
B0044,INV0044
B0045,INV0045
B0046,INV0046
B0047,INV0047
B0048,INV0048
B0049,INV0049
B0050,INV0050
B0051,INV0051
B0052,INV0052
B0053,INV0053
B0054,INV0054
B0055,INV0055
B0056,INV0056
B0057,INV0057
B0058,INV0058
B0059,INV0059
B0060,INV0060
B0061,INV0061
B0062,INV0062
B0063,INV0063
B0064,INV0064
B0065,INV0065
B0066,INV0066
B0067,INV0067
B0068,INV0068
B0069,INV0069
B0070,INV0070
B0071,INV0071
B0072,INV0072
B0073,INV0073
B0074,INV0074
B0075,INV0075
B0076,INV0076
B0077,INV0077
B0078,INV0078
B0079,INV0079
B0080,INV0080
B0081,INV0081
B0082,INV0082
B0083,INV0083
B0084,INV0084
B0085,INV0085
B0086,INV0086
B0087,INV0087
B0088,INV0088
B0089,INV0089
B0090,INV0090
B0091,INV0091
B0092,INV0092
B0093,INV0093
B0094,INV0094
B0095,INV0095
B0096,INV0096
B0097,INV0097
B0098,INV0098
B0099,INV0099
B0100,INV0100
B0101,INV0101
B0102,INV0102
B0103,INV0103
B0104,INV0104
B0105,INV0105
B0106,INV0106
B0107,INV0107
B0108,INV0108
B0109,INV0109
B0110,INV0110
B0111,INV0111
B0112,INV0112
B0113,INV0113
B0114,INV0114
B0115,INV0115
B0116,INV0116
B0117,INV0117
B0118,INV0118
B0119,INV0119
B0120,INV0120
B0121,INV0121
B0122,INV0122
B0123,INV0123
B0124,INV0124
B0125,INV0125
B0126,INV0126
B0127,INV0127
B0128,INV0128
B0129,INV0129
B0130,INV0130
B0131,INV0131
B0132,INV0132
B0133,INV0133
B0134,INV0134
B0135,INV0135
B0136,INV0136
B0137,INV0137
B0138,INV0138
B0139,INV0139
B0140,INV0140
B0141,INV0141
B0142,INV0142
B0143,INV0143
B0144,INV0144
B0145,INV0145
B0146,INV0146
B0147,INV0147
B0148,INV0148
B0149,INV0149
B0150,INV0150
B0151,INV0151
B0152,INV0152
B0153,INV0153
B0154,INV0154
B0155,INV0155
B0156,INV0156
B0157,INV0157
B0158,INV0158
B0159,INV0159
B0160,INV0160
B0161,INV0161
B0162,INV0162
B0163,INV0163
B0164,INV0164
B0165,INV0165
B0166,INV0166
B0167,INV0167
B0168,INV0168
B0169,INV0169
B0170,INV0170
B0171,INV0171
B0172,INV0172
B0173,INV0173
B0174,INV0174
B0175,INV0175
B0176,INV0176
B0177,INV0177
B0178,INV0178
B0179,INV0179
B0180,INV0180
B0181,INV0181
B0182,INV0182
B0183,INV0183
B0184,INV0184
B0185,INV0185
B0186,INV0186
B0187,INV0187
B0188,INV0188
B0189,INV0189
B0190,INV0190
B0191,INV0191
B0192,INV0192
B0193,INV0193
B0194,INV0194
B0195,INV0195
B0196,INV0196
B0197,INV0197
B0198,INV0198
B0199,INV0199
B0200,INV0200
B0201,INV0201
B0202,INV0202
B0203,INV0203
B0204,INV0204
B0205,INV0205
B0206,INV0206
B0207,INV0207
B0208,INV0208
B0209,INV0209
B0210,INV0210
B0211,INV0211
B0212,INV0212
B0213,INV0213
B0214,INV0214
B0215,INV0215
B0216,INV0216
B0217,INV0217
B0218,INV0218
B0219,INV0219
B0220,INV0220
B0221,INV0221
B0222,INV0222
B0223,INV0223
B0224,INV0224
B0225,INV0225
B0226,INV0226
B0227,INV0227
B0228,INV0228
B0229,INV0229
B0230,INV0230
B0231,INV0231
B0232,INV0232
B0233,INV0233
B0234,INV0234
B0235,INV0235
B0236,INV0236
B0237,INV0237
B0238,INV0238
B0239,INV0239
B0240,INV0240
B0241,INV0241
B0242,INV0242
B0243,INV0243
B0244,INV0244
B0245,INV0245
B0246,INV0246
B0247,INV0247
B0248,INV0248
B0249,INV0249
B0250,INV0250
B0251,INV0251
B0252,INV0252
B0253,INV0253
B0254,INV0254
B0255,INV0255
B0256,INV0256
B0257,INV0257
B0258,INV0258
B0259,INV0259
B0260,INV0260
B0261,INV0261
B0262,INV0262
B0263,INV0263
B0264,INV0264
B0265,INV0265
B0266,INV0266
B0267,INV0267
B0268,INV0268
B0269,INV0269
B0270,INV0270
B0271,INV0271
B0272,INV0272
B0273,INV0273
B0274,INV0274
B0275,INV0275
B0276,INV0276
B0277,INV0277
B0278,INV0278
B0279,INV0279
B0280,INV0280
B0281,INV0281
B0282,INV0282
B0283,INV0283
B0284,INV0284
B0285,INV0285
B0286,INV0286
B0287,INV0287
B0288,INV0288
B0289,INV0289
B0290,INV0290
B0291,INV0291
B0292,INV0292
B0293,INV0293
B0294,INV0294
B0295,INV0295
B0296,INV0296
B0297,INV0297
B0298,INV0298
B0299,INV0299
B0300,INV0300
B0301,INV0301
B0302,INV0302
B0303,INV0303
B0304,INV0304
B0305,INV0305
B0306,INV0306
B0307,INV0307
B0308,INV0308
B0309,INV0309
B0310,INV0310
B0311,INV0311
B0312,INV0312
B0313,INV0313
B0314,INV0314
B0315,INV0315
B0316,INV0316
B0317,INV0317
B0318,INV0318
B0319,INV0319
B0320,INV0320
B0321,INV0321
B0322,INV0322
B0323,INV0323
B0324,INV0324
B0325,INV0325
B0326,INV0326
B0327,INV0327
B0328,INV0328
B0329,INV0329
B0330,INV0330
B0331,INV0331
B0332,INV0332
B0333,INV0333
B0334,INV0334
B0335,INV0335
B0336,INV0336
B0337,INV0337
B0338,INV0338
B0339,INV0339
B0340,INV0340
B0341,INV0341
B0342,INV0342
B0343,INV0343
B0344,INV0344
B0345,INV0345
B0346,INV0346
B0347,INV0347
B0348,INV0348
B0349,INV0349
B0350,INV0350
B0351,INV0351
B0352,INV0352
B0353,INV0353
B0354,INV0354
B0355,INV0355
B0356,INV0356
B0357,INV0357
B0358,INV0358
B0359,INV0359
B0360,INV0360
B0361,INV0361
B0362,INV0362
B0363,INV0363
B0364,INV0364
B0365,INV0365
B0366,INV0366
B0367,INV0367
B0368,INV0368
B0369,INV0369
B0370,INV0370
B0371,INV0371
B0372,INV0372
B0373,INV0373
B0374,INV0374
B0375,INV0375
B0376,INV0376
B0377,INV0377
B0378,INV0378
B0379,INV0379
B0380,INV0380
B0381,INV0381
B0382,INV0382
B0383,INV0383
B0384,INV0384
B0385,INV0385
B0386,INV0386
B0387,INV0387
B0388,INV0388
B0389,INV0389
B0390,INV0390
B0391,INV0391
B0392,INV0392
B0393,INV0393
B0394,INV0394
B0395,INV0395
B0396,INV0396
B0397,INV0397
B0398,INV0398
B0399,INV0399
B0400,INV0400
B0401,INV0401
B0402,INV0402
B0403,INV0403
B0404,INV0404
B0405,INV0405
B0406,INV0406
B0407,INV0407
B0408,INV0408
B0409,INV0409
B0410,INV0410
B0411,INV0411
B0412,INV0412
B0413,INV0413
B0414,INV0414
B0415,INV0415
B0416,INV0416
B0417,INV0417
B0418,INV0418
B0419,INV0419
B0420,INV0420
B0421,INV0421
B0422,INV0422
B0423,INV0423
B0424,INV0424
B0425,INV0425
B0426,INV0426
B0427,INV0427
B0428,INV0428
B0429,INV0429
B0430,INV0430
B0431,INV0431
B0432,INV0432
B0433,INV0433
B0434,INV0434
B0435,INV0435
B0436,INV0436
B0437,INV0437
B0438,INV0438
B0439,INV0439
B0440,INV0440
B0441,INV0441
B0442,INV0442
B0443,INV0443
B0444,INV0444
B0445,INV0445
B0446,INV0446
B0447,INV0447
B0448,INV0448
B0449,INV0449
B0450,INV0450
B0451,INV0451
B0452,INV0452
B0453,INV0453
B0454,INV0454
B0455,INV0455
B0456,INV0456
B0457,INV0457
B0458,INV0458
B0459,INV0459
B0460,INV0460
B0461,INV0461
B0462,INV0462
B0463,INV0463
B0464,INV0464
B0465,INV0465
B0466,INV0466
B0467,INV0467
B0468,INV0468
B0469,INV0469
B0470,INV0470
B0471,INV0471
B0472,INV0472
B0473,INV0473
B0474,INV0474
B0475,INV0475
B0476,INV0476
B0477,INV0477
B0478,INV0478
B0479,INV0479
B0480,INV0480
B0481,INV0481
B0482,INV0482
B0483,INV0483
B0484,INV0484
B0485,INV0485
B0486,INV0486
B0487,INV0487
B0488,INV0488
B0489,INV0489
B0490,INV0490
B0491,INV0491
B0492,INV0492
B0493,INV0493
B0494,INV0494
B0495,INV0495
B0496,INV0496
B0497,INV0497
B0498,INV0498
B0499,INV0499
B0500,INV0500
