transaction_id,expected_invoice,matched_invoice,deterministic_score,second_best_score,deterministic_status,duplicate_candidate,ai_decision,ai_selected_invoice,ai_confidence,ai_risk,ai_reason,ai_error,final_status,resolution,correct
b0362,INV0362,INV0362,100.0,70.0,MATCHED,False,,,,,,,MATCHED,DETERMINISTIC_MATCH,True
b0074,INV0074,INV0074,100.0,70.0,MATCHED,False,,,,,,,MATCHED,DETERMINISTIC_MATCH,True
b0375,INV0375,INV0375,100.0,70.0,MATCHED,False,,,,,,,MATCHED,DETERMINISTIC_MATCH,True
b0156,INV0156,INV0156,100.0,70.0,MATCHED,False,,,,,,,MATCHED,DETERMINISTIC_MATCH,True
b0105,INV0105,INV0105,100.0,70.0,MATCHED,False,,,,,,,MATCHED,DETERMINISTIC_MATCH,True
b0395,INV0395,INV0395,100.0,63.75,MATCHED,False,,,,,,,MATCHED,DETERMINISTIC_MATCH,True
b0378,INV0378,INV0378,100.0,70.0,MATCHED,False,,,,,,,MATCHED,DETERMINISTIC_MATCH,True
b0125,INV0125,INV0125,100.0,70.0,MATCHED,False,,,,,,,MATCHED,DETERMINISTIC_MATCH,True
b0069,INV0069,INV0069,100.0,70.0,MATCHED,False,,,,,,,MATCHED,DETERMINISTIC_MATCH,True
b0451,INV0451,INV0451,100.0,70.0,MATCHED,False,,,,,,,MATCHED,DETERMINISTIC_MATCH,True
b0010,INV0010,INV0010,100.0,70.0,MATCHED,False,,,,,,,MATCHED,DETERMINISTIC_MATCH,True
b0195,INV0195,INV0195,100.0,70.0,MATCHED,False,,,,,,,MATCHED,DETERMINISTIC_MATCH,True
b0407,INV0407,INV0407,100.0,45.55555555555556,MATCHED,False,,,,,,,MATCHED,DETERMINISTIC_MATCH,True
b0085,INV0085,INV0085,100.0,63.75,MATCHED,False,,,,,,,MATCHED,DETERMINISTIC_MATCH,True
b0372,INV0372,INV0372,100.0,58.25,MATCHED,False,,,,,,,MATCHED,DETERMINISTIC_MATCH,True
b0389,INV0389,INV0389,100.0,70.0,MATCHED,False,,,,,,,MATCHED,DETERMINISTIC_MATCH,True
b0496,INV0496,INV0496,100.0,70.0,MATCHED,False,,,,,,,MATCHED,DETERMINISTIC_MATCH,True
b0031,INV0031,INV0031,100.0,70.0,MATCHED,False,,,,,,,MATCHED,DETERMINISTIC_MATCH,True
b0317,INV0317,INV0317,100.0,70.0,MATCHED,False,,,,,,,MATCHED,DETERMINISTIC_MATCH,True
b0409,INV0409,INV0409,100.0,70.0,MATCHED,False,,,,,,,MATCHED,DETERMINISTIC_MATCH,True
b0491,INV0491,,47.69230769230769,47.69230769230769,EXCEPTION,False,,,,,,,EXCEPTION,NO_CANDIDATE,False
b0492,INV0492,INV0492,100.0,70.0,MATCHED,False,,,,,,,MATCHED,DETERMINISTIC_MATCH,True
b0281,INV0281,INV0281,100.0,70.0,MATCHED,False,,,,,,,MATCHED,DETERMINISTIC_MATCH,True
b0357,INV0357,INV0357,100.0,53.166666666666664,MATCHED,False,,,,,,,MATCHED,DETERMINISTIC_MATCH,True
b0077,INV0077,INV0077,100.0,70.0,MATCHED,False,,,,,,,MATCHED,DETERMINISTIC_MATCH,True
b0462,INV0462,INV0462,100.0,70.0,MATCHED,False,,,,,,,MATCHED,DETERMINISTIC_MATCH,True
b0498,INV0498,INV0498,100.0,49.523809523809526,MATCHED,False,,,,,,,MATCHED,DETERMINISTIC_MATCH,True
b0212,INV0212,INV0212,100.0,47.69230769230769,MATCHED,False,,,,,,,MATCHED,DETERMINISTIC_MATCH,True
b0102,INV0102,INV0102,100.0,70.0,MATCHED,False,,,,,,,MATCHED,DETERMINISTIC_MATCH,True
b0335,INV0335,INV0335,100.0,63.125,MATCHED,False,,,,,,,MATCHED,DETERMINISTIC_MATCH,True
b0476,INV0476,INV0476,100.0,70.0,MATCHED,False,,,,,,,MATCHED,DETERMINISTIC_MATCH,True
b0337,INV0337,INV0337,100.0,52.5,MATCHED,False,,,,,,,MATCHED,DETERMINISTIC_MATCH,True
b0441,INV0441,INV0441,100.0,52.5,MATCHED,False,,,,,,,MATCHED,DETERMINISTIC_MATCH,True
b0174,INV0174,INV0174,100.0,70.0,MATCHED,False,,,,,,,MATCHED,DETERMINISTIC_MATCH,True
b0003,INV0003,INV0003,100.0,70.0,MATCHED,False,,,,,,,MATCHED,DETERMINISTIC_MATCH,True
b0334,INV0334,INV0334,100.0,53.76190476190476,MATCHED,False,,,,,,,MATCHED,DETERMINISTIC_MATCH,True
b0410,INV0410,INV0410,100.0,70.0,MATCHED,False,,,,,,,MATCHED,DETERMINISTIC_MATCH,True
b0071,INV0071,INV0071,100.0,70.0,MATCHED,False,,,,,,,MATCHED,DETERMINISTIC_MATCH,True
b0210,INV0210,INV0210_DUP,100.0,100.0,UNCERTAIN,True,,,,,,,REVIEW,DUPLICATE_CANDIDATE,False
b0064,INV0064,INV0064,100.0,52.5,MATCHED,False,,,,,,,MATCHED,DETERMINISTIC_MATCH,True
b0385,INV0385,INV0385,100.0,58.25,MATCHED,False,,,,,,,MATCHED,DETERMINISTIC_MATCH,True
b0094,INV0094,INV0094,100.0,52.57142857142857,MATCHED,False,,,,,,,MATCHED,DETERMINISTIC_MATCH,True
b0486,INV0486,INV0486,100.0,70.0,MATCHED,False,,,,,,,MATCHED,DETERMINISTIC_MATCH,True
b0186,INV0186,INV0186,100.0,70.0,MATCHED,False,,,,,,,MATCHED,DETERMINISTIC_MATCH,True
b0034,INV0034,INV0034,100.0,70.0,MATCHED,False,,,,,,,MATCHED,DETERMINISTIC_MATCH,True
b0078,INV0078,INV0078,100.0,46.25,MATCHED,False,,,,,,,MATCHED,DETERMINISTIC_MATCH,True
b0001,INV0001,INV0001,100.0,56.66666666666667,MATCHED,False,,,,,,,MATCHED,DETERMINISTIC_MATCH,True
b0012,INV0012,INV0012,100.0,70.0,MATCHED,False,,,,,,,MATCHED,DETERMINISTIC_MATCH,True
b0416,INV0416,,46.25,45.88235294117647,EXCEPTION,False,,,,,,,EXCEPTION,NO_CANDIDATE,False
b0023,INV0023,INV0023,100.0,70.0,MATCHED,False,,,,,,,MATCHED,DETERMINISTIC_MATCH,True
b0073,INV0073,INV0073,100.0,70.0,MATCHED,False,,,,,,,MATCHED,DETERMINISTIC_MATCH,True
b0183,INV0183,INV0183,100.0,100.0,UNCERTAIN,True,,,,,,,REVIEW,DUPLICATE_CANDIDATE,True
b0132,INV0132,INV0132,100.0,70.0,MATCHED,False,,,,,,,MATCHED,DETERMINISTIC_MATCH,True
b0411,INV0411,INV0411,100.0,70.0,MATCHED,False,,,,,,,MATCHED,DETERMINISTIC_MATCH,True
b0194,INV0194,INV0194,100.0,70.0,MATCHED,False,,,,,,,MATCHED,DETERMINISTIC_MATCH,True
b0056,INV0056,INV0056,100.0,70.0,MATCHED,False,,,,,,,MATCHED,DETERMINISTIC_MATCH,True
b0149,INV0149,INV0149,100.0,70.0,MATCHED,False,,,,,,,MATCHED,DETERMINISTIC_MATCH,True
b0019,INV0019,INV0019,100.0,70.0,MATCHED,False,,,,,,,MATCHED,DETERMINISTIC_MATCH,True
b0205,INV0205,INV0205,100.0,56.66666666666667,MATCHED,False,,,,,,,MATCHED,DETERMINISTIC_MATCH,True
b0079,INV0079,INV0079,100.0,70.0,MATCHED,False,,,,,,,MATCHED,DETERMINISTIC_MATCH,True
b0495,INV0495,INV0495,100.0,70.0,MATCHED,False,,,,,,,MATCHED,DETERMINISTIC_MATCH,True
b0263,INV0263,INV0263,100.0,70.0,MATCHED,False,,,,,,,MATCHED,DETERMINISTIC_MATCH,True
b0324,INV0324,INV0324_DUP,100.0,100.0,UNCERTAIN,True,,,,,,,REVIEW,DUPLICATE_CANDIDATE,False
b0484,INV0484,INV0484,100.0,52.5,MATCHED,False,,,,,,,MATCHED,DETERMINISTIC_MATCH,True
b0080,INV0080,INV0080,100.0,46.25,MATCHED,False,,,,,,,MATCHED,DETERMINISTIC_MATCH,True
b0040,INV0040,INV0040,100.0,70.0,MATCHED,False,,,,,,,MATCHED,DETERMINISTIC_MATCH,True
b0452,INV0452,INV0452,100.0,52.5,MATCHED,False,,,,,,,MATCHED,DETERMINISTIC_MATCH,True
b0047,INV0047,INV0047,100.0,70.0,MATCHED,False,,,,,,,MATCHED,DETERMINISTIC_MATCH,True
b0239,INV0239,INV0239,100.0,70.0,MATCHED,False,,,,,,,MATCHED,DETERMINISTIC_MATCH,True
b0392,INV0392,INV0392,100.0,70.0,MATCHED,False,,,,,,,MATCHED,DETERMINISTIC_MATCH,True
b0353,INV0353,INV0353,100.0,56.66666666666667,MATCHED,False,,,,,,,MATCHED,DETERMINISTIC_MATCH,True
b0342,INV0342,INV0342_DUP,100.0,100.0,UNCERTAIN,True,,,,,,,REVIEW,DUPLICATE_CANDIDATE,False
b0278,INV0278,INV0278,100.0,45.55555555555556,MATCHED,False,,,,,,,MATCHED,DETERMINISTIC_MATCH,True
b0291,INV0291,INV0291,100.0,47.69230769230769,MATCHED,False,,,,,,,MATCHED,DETERMINISTIC_MATCH,True
b0318,INV0318,INV0318,100.0,70.0,MATCHED,False,,,,,,,MATCHED,DETERMINISTIC_MATCH,True
b0305,INV0305,INV0305,100.0,70.0,MATCHED,False,,,,,,,MATCHED,DETERMINISTIC_MATCH,True
b0269,INV0269,INV0432,70.0,46.25,UNCERTAIN,False,REVIEW,,55.0,LOW,"The transaction matches the ERP candidate on reference, amount, and date, but there is a material amount discrepancy.",,REVIEW,AI_REVIEW,False
b0070,INV0070,INV0070,100.0,70.0,MATCHED,False,,,,,,,MATCHED,DETERMINISTIC_MATCH,True
b0456,INV0456,INV0456,100.0,70.0,MATCHED,False,,,,,,,MATCHED,DETERMINISTIC_MATCH,True
b0466,INV0466,INV0466,100.0,56.66666666666667,MATCHED,False,,,,,,,MATCHED,DETERMINISTIC_MATCH,True
b0155,INV0155,INV0155,100.0,47.69230769230769,MATCHED,False,,,,,,,MATCHED,DETERMINISTIC_MATCH,True
b0083,INV0083,INV0083,100.0,63.75,MATCHED,False,,,,,,,MATCHED,DETERMINISTIC_MATCH,True
b0478,INV0478,INV0478,100.0,70.0,MATCHED,False,,,,,,,MATCHED,DETERMINISTIC_MATCH,True
b0173,INV0173,INV0173,100.0,63.75,MATCHED,False,,,,,,,MATCHED,DETERMINISTIC_MATCH,True
b0322,INV0322,INV0322,100.0,52.5,MATCHED,False,,,,,,,MATCHED,DETERMINISTIC_MATCH,True
b0091,INV0091,INV0091,100.0,70.0,MATCHED,False,,,,,,,MATCHED,DETERMINISTIC_MATCH,True
b0181,INV0181,INV0181_DUP,100.0,100.0,UNCERTAIN,True,,,,,,,REVIEW,DUPLICATE_CANDIDATE,False
b0415,INV0415,INV0415,100.0,47.69230769230769,MATCHED,False,,,,,,,MATCHED,DETERMINISTIC_MATCH,True
b0313,INV0313,INV0166,70.0,70.0,UNCERTAIN,False,REVIEW,,55.0,LOW,"The transaction matches the ERP candidate on reference, amount, and date, but there is no strong vendor similarity.",,REVIEW,AI_REVIEW,False
b0279,INV0279,INV0279,100.0,56.66666666666667,MATCHED,False,,,,,,,MATCHED,DETERMINISTIC_MATCH,True
b0382,INV0382,INV0382,100.0,70.0,MATCHED,False,,,,,,,MATCHED,DETERMINISTIC_MATCH,True
b0473,INV0473,INV0473,100.0,56.66666666666667,MATCHED,False,,,,,,,MATCHED,DETERMINISTIC_MATCH,True
b0363,INV0363,,47.69230769230769,47.69230769230769,EXCEPTION,False,,,,,,,EXCEPTION,NO_CANDIDATE,False
b0325,INV0325,INV0325,100.0,70.0,MATCHED,False,,,,,,,MATCHED,DETERMINISTIC_MATCH,True
b0432,INV0432,INV0432,100.0,51.5,MATCHED,False,,,,,,,MATCHED,DETERMINISTIC_MATCH,True
b0348,INV0348,INV0348,100.0,70.0,MATCHED,False,,,,,,,MATCHED,DETERMINISTIC_MATCH,True
b0087,INV0087,INV0087,100.0,70.0,MATCHED,False,,,,,,,MATCHED,DETERMINISTIC_MATCH,True
b0076,INV0076,INV0076,100.0,47.69230769230769,MATCHED,False,,,,,,,MATCHED,DETERMINISTIC_MATCH,True
b0439,INV0439,INV0439,100.0,67.5,MATCHED,False,,,,,,,MATCHED,DETERMINISTIC_MATCH,True
b0016,INV0016,INV0016,100.0,64.54545454545455,MATCHED,False,,,,,,,MATCHED,DETERMINISTIC_MATCH,True
b0250,INV0250,INV0250,100.0,70.0,MATCHED,False,,,,,,,MATCHED,DETERMINISTIC_MATCH,True
b0434,INV0434,INV0434,100.0,70.0,MATCHED,False,,,,,,,MATCHED,DETERMINISTIC_MATCH,True
b0020,INV0020,INV0020,100.0,70.0,MATCHED,False,,,,,,,MATCHED,DETERMINISTIC_MATCH,True
b0323,INV0323,INV0323,100.0,70.0,MATCHED,False,,,,,,,MATCHED,DETERMINISTIC_MATCH,True
b0333,INV0333,INV0333,100.0,70.0,MATCHED,False,,,,,,,MATCHED,DETERMINISTIC_MATCH,True
b0057,INV0057,INV0057,100.0,70.0,MATCHED,False,,,,,,,MATCHED,DETERMINISTIC_MATCH,True
b0302,INV0302,INV0302,100.0,100.0,UNCERTAIN,True,,,,,,,REVIEW,DUPLICATE_CANDIDATE,True
b0230,INV0230,INV0230,100.0,63.75,MATCHED,False,,,,,,,MATCHED,DETERMINISTIC_MATCH,True
b0332,INV0332,INV0332,100.0,70.0,MATCHED,False,,,,,,,MATCHED,DETERMINISTIC_MATCH,True
b0133,INV0133,INV0133,100.0,63.75,MATCHED,False,,,,,,,MATCHED,DETERMINISTIC_MATCH,True
b0138,INV0138,INV0138,100.0,56.66666666666667,MATCHED,False,,,,,,,MATCHED,DETERMINISTIC_MATCH,True
b0424,INV0424,INV0424,100.0,70.0,MATCHED,False,,,,,,,MATCHED,DETERMINISTIC_MATCH,True
b0336,INV0336,INV0336,100.0,63.75,MATCHED,False,,,,,,,MATCHED,DETERMINISTIC_MATCH,True
b0026,INV0026,INV0026,100.0,70.0,MATCHED,False,,,,,,,MATCHED,DETERMINISTIC_MATCH,True
b0465,INV0465,INV0465,100.0,63.75,MATCHED,False,,,,,,,MATCHED,DETERMINISTIC_MATCH,True
b0282,INV0282,INV0282,100.0,52.5,MATCHED,False,,,,,,,MATCHED,DETERMINISTIC_MATCH,True
b0248,INV0248,INV0248,100.0,70.0,MATCHED,False,,,,,,,MATCHED,DETERMINISTIC_MATCH,True
b0238,INV0238,INV0238,100.0,70.0,MATCHED,False,,,,,,,MATCHED,DETERMINISTIC_MATCH,True
b0118,INV0118,INV0118,100.0,70.0,MATCHED,False,,,,,,,MATCHED,DETERMINISTIC_MATCH,True
b0043,INV0043,INV0043,100.0,47.69230769230769,MATCHED,False,,,,,,,MATCHED,DETERMINISTIC_MATCH,True
b0221,INV0221,INV0221,100.0,100.0,UNCERTAIN,True,,,,,,,REVIEW,DUPLICATE_CANDIDATE,True
b0177,INV0177,INV0177,100.0,70.0,MATCHED,False,,,,,,,MATCHED,DETERMINISTIC_MATCH,True
b0321,INV0321,INV0321,100.0,70.0,MATCHED,False,,,,,,,MATCHED,DETERMINISTIC_MATCH,True
b0154,INV0154,INV0154,100.0,90.0,MATCHED,False,,,,,,,MATCHED,DETERMINISTIC_MATCH,True
b0232,INV0232,INV0232,100.0,70.0,MATCHED,False,,,,,,,MATCHED,DETERMINISTIC_MATCH,True
b0228,INV0228,INV0228,100.0,70.0,MATCHED,False,,,,,,,MATCHED,DETERMINISTIC_MATCH,True
b0418,INV0418,INV0418_DUP,100.0,100.0,UNCERTAIN,True,,,,,,,REVIEW,DUPLICATE_CANDIDATE,False
b0204,INV0204,INV0204,100.0,82.0,MATCHED,False,,,,,,,MATCHED,DETERMINISTIC_MATCH,True
b0127,INV0127,,69.52380952380952,56.66666666666667,EXCEPTION,False,,,,,,,EXCEPTION,NO_CANDIDATE,False
b0330,INV0330,INV0330,100.0,70.0,MATCHED,False,,,,,,,MATCHED,DETERMINISTIC_MATCH,True
b0032,INV0032,,58.25,50.54545454545455,EXCEPTION,False,,,,,,,EXCEPTION,NO_CANDIDATE,False
b0114,INV0114,INV0114,100.0,50.714285714285715,MATCHED,False,,,,,,,MATCHED,DETERMINISTIC_MATCH,True
b0471,INV0471,INV0471,100.0,47.14285714285714,MATCHED,False,,,,,,,MATCHED,DETERMINISTIC_MATCH,True
b0272,INV0272,INV0272,100.0,46.25,MATCHED,False,,,,,,,MATCHED,DETERMINISTIC_MATCH,True
b0141,INV0141,INV0141,100.0,55.78947368421053,MATCHED,False,,,,,,,MATCHED,DETERMINISTIC_MATCH,True
b0058,INV0058,INV0058,100.0,70.0,MATCHED,False,,,,,,,MATCHED,DETERMINISTIC_MATCH,True
b0193,INV0193,INV0193,100.0,63.75,MATCHED,False,,,,,,,MATCHED,DETERMINISTIC_MATCH,True
b0025,INV0025,INV0025,100.0,70.0,MATCHED,False,,,,,,,MATCHED,DETERMINISTIC_MATCH,True
b0018,INV0018,INV0018,100.0,70.0,MATCHED,False,,,,,,,MATCHED,DETERMINISTIC_MATCH,True
b0266,INV0266,INV0266,100.0,46.25,MATCHED,False,,,,,,,MATCHED,DETERMINISTIC_MATCH,True
b0067,INV0067,INV0067,100.0,70.0,MATCHED,False,,,,,,,MATCHED,DETERMINISTIC_MATCH,True
b0209,INV0209,INV0209,100.0,70.0,MATCHED,False,,,,,,,MATCHED,DETERMINISTIC_MATCH,True
b0480,INV0480,INV0480,100.0,70.0,MATCHED,False,,,,,,,MATCHED,DETERMINISTIC_MATCH,True
b0095,INV0095,INV0095,100.0,55.78947368421053,MATCHED,False,,,,,,,MATCHED,DETERMINISTIC_MATCH,True
b0254,INV0254,INV0254,100.0,70.0,MATCHED,False,,,,,,,MATCHED,DETERMINISTIC_MATCH,True
b0267,INV0267,INV0267,100.0,70.0,MATCHED,False,,,,,,,MATCHED,DETERMINISTIC_MATCH,True
b0024,INV0024,INV0024,100.0,70.0,MATCHED,False,,,,,,,MATCHED,DETERMINISTIC_MATCH,True
b0223,INV0223,INV0223,100.0,76.0,MATCHED,False,,,,,,,MATCHED,DETERMINISTIC_MATCH,True
b0262,INV0262,INV0262,100.0,70.0,MATCHED,False,,,,,,,MATCHED,DETERMINISTIC_MATCH,True
b0427,INV0427,INV0427,100.0,70.0,MATCHED,False,,,,,,,MATCHED,DETERMINISTIC_MATCH,True
b0006,INV0006,INV0006,100.0,56.66666666666667,MATCHED,False,,,,,,,MATCHED,DETERMINISTIC_MATCH,True
b0117,INV0117,INV0117,100.0,70.0,MATCHED,False,,,,,,,MATCHED,DETERMINISTIC_MATCH,True
b0046,INV0046,INV0046,100.0,49.0,MATCHED,False,,,,,,,MATCHED,DETERMINISTIC_MATCH,True
b0017,INV0017,INV0017,100.0,56.66666666666667,MATCHED,False,,,,,,,MATCHED,DETERMINISTIC_MATCH,True
b0463,INV0463,INV0463,100.0,70.0,MATCHED,False,,,,,,,MATCHED,DETERMINISTIC_MATCH,True
b0358,INV0358,INV0358,100.0,63.75,MATCHED,False,,,,,,,MATCHED,DETERMINISTIC_MATCH,True
b0004,INV0004,INV0004,100.0,70.0,MATCHED,False,,,,,,,MATCHED,DETERMINISTIC_MATCH,True
b0219,INV0219,INV0219,100.0,82.0,MATCHED,False,,,,,,,MATCHED,DETERMINISTIC_MATCH,True
b0406,INV0406,INV0406,100.0,70.0,MATCHED,False,,,,,,,MATCHED,DETERMINISTIC_MATCH,True
b0061,INV0061,INV0061,100.0,70.0,MATCHED,False,,,,,,,MATCHED,DETERMINISTIC_MATCH,True
b0111,INV0111,INV0111,100.0,70.0,MATCHED,False,,,,,,,MATCHED,DETERMINISTIC_MATCH,True
b0319,INV0319,INV0319,100.0,56.66666666666667,MATCHED,False,,,,,,,MATCHED,DETERMINISTIC_MATCH,True
b0429,INV0429,INV0091,70.0,70.0,UNCERTAIN,False,REVIEW,,55.0,MEDIUM,The transaction requires review due to conflicting evidence and multiple candidates remaining plausible.,,REVIEW,AI_REVIEW,False
b0030,INV0030,INV0030,100.0,70.0,MATCHED,False,,,,,,,MATCHED,DETERMINISTIC_MATCH,True
b0438,INV0438,INV0438,100.0,47.69230769230769,MATCHED,False,,,,,,,MATCHED,DETERMINISTIC_MATCH,True
b0472,INV0472,INV0472,100.0,55.78947368421053,MATCHED,False,,,,,,,MATCHED,DETERMINISTIC_MATCH,True
b0027,INV0027,INV0027,100.0,70.0,MATCHED,False,,,,,,,MATCHED,DETERMINISTIC_MATCH,True
b0008,INV0008,INV0008,100.0,70.0,MATCHED,False,,,,,,,MATCHED,DETERMINISTIC_MATCH,True
b0454,INV0454,INV0454,100.0,70.0,MATCHED,False,,,,,,,MATCHED,DETERMINISTIC_MATCH,True
b0109,INV0109,INV0109,100.0,70.0,MATCHED,False,,,,,,,MATCHED,DETERMINISTIC_MATCH,True
b0038,INV0038,INV0038,100.0,70.0,MATCHED,False,,,,,,,MATCHED,DETERMINISTIC_MATCH,True
b0158,INV0158,INV0158,100.0,70.0,MATCHED,False,,,,,,,MATCHED,DETERMINISTIC_MATCH,True
b0490,INV0490,INV0490,100.0,70.0,MATCHED,False,,,,,,,MATCHED,DETERMINISTIC_MATCH,True
b0119,INV0119,INV0119,100.0,70.0,MATCHED,False,,,,,,,MATCHED,DETERMINISTIC_MATCH,True
b0115,INV0115,INV0115,100.0,70.0,MATCHED,False,,,,,,,MATCHED,DETERMINISTIC_MATCH,True
b0176,INV0176,,55.78947368421053,55.78947368421053,EXCEPTION,False,,,,,,,EXCEPTION,NO_CANDIDATE,False
b0374,INV0374,INV0374,100.0,70.0,MATCHED,False,,,,,,,MATCHED,DETERMINISTIC_MATCH,True
b0182,INV0182,INV0182,100.0,51.55555555555556,MATCHED,False,,,,,,,MATCHED,DETERMINISTIC_MATCH,True
b0145,INV0145,INV0480,70.0,70.0,UNCERTAIN,False,MATCH,INV0480,95.0,LOW,"The transaction matches the ERP candidate on reference, amount, date and vendor.",,REVIEW,AI_GUARD_REJECTED,False
b0370,INV0370,INV0370,100.0,63.75,MATCHED,False,,,,,,,MATCHED,DETERMINISTIC_MATCH,True
b0391,INV0391,INV0391,100.0,62.5,MATCHED,False,,,,,,,MATCHED,DETERMINISTIC_MATCH,True
b0196,INV0196,INV0196,100.0,56.66666666666667,MATCHED,False,,,,,,,MATCHED,DETERMINISTIC_MATCH,True
b0405,INV0405,INV0405,100.0,66.25,MATCHED,False,,,,,,,MATCHED,DETERMINISTIC_MATCH,True
b0276,INV0276,INV0276,100.0,63.75,MATCHED,False,,,,,,,MATCHED,DETERMINISTIC_MATCH,True
b0455,INV0455,INV0455,100.0,70.0,MATCHED,False,,,,,,,MATCHED,DETERMINISTIC_MATCH,True
b0142,INV0142,INV0142,100.0,70.0,MATCHED,False,,,,,,,MATCHED,DETERMINISTIC_MATCH,True
b0366,INV0366,,52.5,52.5,EXCEPTION,False,,,,,,,EXCEPTION,NO_CANDIDATE,False
b0068,INV0068,INV0068,100.0,70.0,MATCHED,False,,,,,,,MATCHED,DETERMINISTIC_MATCH,True
b0211,INV0211,INV0211,100.0,70.0,MATCHED,False,,,,,,,MATCHED,DETERMINISTIC_MATCH,True
b0169,INV0169,INV0169,100.0,70.0,MATCHED,False,,,,,,,MATCHED,DETERMINISTIC_MATCH,True
b0494,INV0494,INV0494,100.0,48.54545454545455,MATCHED,False,,,,,,,MATCHED,DETERMINISTIC_MATCH,True
b0376,INV0376,INV0376,100.0,52.5,MATCHED,False,,,,,,,MATCHED,DETERMINISTIC_MATCH,True
b0401,INV0401,INV0401,100.0,52.5,MATCHED,False,,,,,,,MATCHED,DETERMINISTIC_MATCH,True
b0273,INV0273,INV0273,100.0,70.0,MATCHED,False,,,,,,,MATCHED,DETERMINISTIC_MATCH,True
b0110,INV0110,INV0110,100.0,58.66666666666667,MATCHED,False,,,,,,,MATCHED,DETERMINISTIC_MATCH,True
b0249,INV0249,INV0249,100.0,70.0,MATCHED,False,,,,,,,MATCHED,DETERMINISTIC_MATCH,True
b0146,INV0146,INV0146,100.0,70.0,MATCHED,False,,,,,,,MATCHED,DETERMINISTIC_MATCH,True
b0093,INV0093,INV0093,100.0,70.0,MATCHED,False,,,,,,,MATCHED,DETERMINISTIC_MATCH,True
b0153,INV0153,INV0153,100.0,70.0,MATCHED,False,,,,,,,MATCHED,DETERMINISTIC_MATCH,True
b0368,INV0368,INV0368,100.0,100.0,UNCERTAIN,True,,,,,,,REVIEW,DUPLICATE_CANDIDATE,True
b0468,INV0468,INV0468,100.0,56.66666666666667,MATCHED,False,,,,,,,MATCHED,DETERMINISTIC_MATCH,True
b0084,INV0084,INV0084,100.0,47.69230769230769,MATCHED,False,,,,,,,MATCHED,DETERMINISTIC_MATCH,True
b0246,INV0246,INV0246,100.0,70.0,MATCHED,False,,,,,,,MATCHED,DETERMINISTIC_MATCH,True
b0166,INV0166,INV0166,100.0,70.0,MATCHED,False,,,,,,,MATCHED,DETERMINISTIC_MATCH,True
b0164,INV0164,INV0164,100.0,70.0,MATCHED,False,,,,,,,MATCHED,DETERMINISTIC_MATCH,True
b0200,INV0200,INV0200,100.0,70.0,MATCHED,False,,,,,,,MATCHED,DETERMINISTIC_MATCH,True
b0229,INV0229,INV0229,100.0,70.0,MATCHED,False,,,,,,,MATCHED,DETERMINISTIC_MATCH,True
b0075,INV0075,INV0075,100.0,52.0,MATCHED,False,,,,,,,MATCHED,DETERMINISTIC_MATCH,True
b0479,INV0479,INV0479,100.0,70.0,MATCHED,False,,,,,,,MATCHED,DETERMINISTIC_MATCH,True
b0359,INV0359,INV0359,100.0,70.0,MATCHED,False,,,,,,,MATCHED,DETERMINISTIC_MATCH,True
b0251,INV0251,INV0251,100.0,63.75,MATCHED,False,,,,,,,MATCHED,DETERMINISTIC_MATCH,True
b0120,INV0120,INV0120,100.0,70.0,MATCHED,False,,,,,,,MATCHED,DETERMINISTIC_MATCH,True
b0311,INV0311,INV0311,100.0,70.0,MATCHED,False,,,,,,,MATCHED,DETERMINISTIC_MATCH,True
b0300,INV0300,INV0300,100.0,70.0,MATCHED,False,,,,,,,MATCHED,DETERMINISTIC_MATCH,True
b0256,INV0256,INV0256,100.0,52.5,MATCHED,False,,,,,,,MATCHED,DETERMINISTIC_MATCH,True
b0355,INV0355,INV0355,100.0,70.0,MATCHED,False,,,,,,,MATCHED,DETERMINISTIC_MATCH,True
b0400,INV0400,INV0400,100.0,70.0,MATCHED,False,,,,,,,MATCHED,DETERMINISTIC_MATCH,True
b0226,INV0226,INV0226,100.0,53.54545454545455,MATCHED,False,,,,,,,MATCHED,DETERMINISTIC_MATCH,True
b0354,INV0354,INV0354,100.0,70.0,MATCHED,False,,,,,,,MATCHED,DETERMINISTIC_MATCH,True
b0235,INV0235,INV0235,100.0,70.0,MATCHED,False,,,,,,,MATCHED,DETERMINISTIC_MATCH,True
b0383,INV0383,INV0383,100.0,70.0,MATCHED,False,,,,,,,MATCHED,DETERMINISTIC_MATCH,True
b0275,INV0275,INV0275,100.0,50.0,MATCHED,False,,,,,,,MATCHED,DETERMINISTIC_MATCH,True
b0037,INV0037,INV0037,100.0,70.0,MATCHED,False,,,,,,,MATCHED,DETERMINISTIC_MATCH,True
b0197,INV0197,INV0197,100.0,52.5,MATCHED,False,,,,,,,MATCHED,DETERMINISTIC_MATCH,True
b0140,INV0140,INV0140,100.0,70.0,MATCHED,False,,,,,,,MATCHED,DETERMINISTIC_MATCH,True
b0365,INV0365,INV0365,100.0,70.0,MATCHED,False,,,,,,,MATCHED,DETERMINISTIC_MATCH,True
b0245,INV0245,INV0245,100.0,70.0,MATCHED,False,,,,,,,MATCHED,DETERMINISTIC_MATCH,True
b0440,INV0440,INV0440,100.0,70.0,MATCHED,False,,,,,,,MATCHED,DETERMINISTIC_MATCH,True
b0287,INV0287,INV0287,100.0,57.55555555555556,MATCHED,False,,,,,,,MATCHED,DETERMINISTIC_MATCH,True
b0060,INV0060,INV0060,100.0,70.0,MATCHED,False,,,,,,,MATCHED,DETERMINISTIC_MATCH,True
b0112,INV0112,INV0112,100.0,70.0,MATCHED,False,,,,,,,MATCHED,DETERMINISTIC_MATCH,True
b0090,INV0090,INV0090,100.0,56.66666666666667,MATCHED,False,,,,,,,MATCHED,DETERMINISTIC_MATCH,True
b0437,INV0437,INV0437,100.0,70.0,MATCHED,False,,,,,,,MATCHED,DETERMINISTIC_MATCH,True
b0007,INV0007,INV0007,100.0,70.0,MATCHED,False,,,,,,,MATCHED,DETERMINISTIC_MATCH,True
b0361,INV0361,INV0361,100.0,63.75,MATCHED,False,,,,,,,MATCHED,DETERMINISTIC_MATCH,True
b0347,INV0347,INV0347,100.0,52.5,MATCHED,False,,,,,,,MATCHED,DETERMINISTIC_MATCH,True
b0339,INV0339,INV0339,100.0,63.75,MATCHED,False,,,,,,,MATCHED,DETERMINISTIC_MATCH,True
b0159,INV0159,INV0159,100.0,70.0,MATCHED,False,,,,,,,MATCHED,DETERMINISTIC_MATCH,True
b0151,INV0151,INV0151,100.0,56.66666666666667,MATCHED,False,,,,,,,MATCHED,DETERMINISTIC_MATCH,True
b0178,INV0178,INV0178,100.0,100.0,UNCERTAIN,True,,,,,,,REVIEW,DUPLICATE_CANDIDATE,True
b0394,INV0394,INV0394,100.0,70.0,MATCHED,False,,,,,,,MATCHED,DETERMINISTIC_MATCH,True
b0185,INV0185,INV0185,100.0,82.0,MATCHED,False,,,,,,,MATCHED,DETERMINISTIC_MATCH,True
b0450,INV0450,INV0450,100.0,70.0,MATCHED,False,,,,,,,MATCHED,DETERMINISTIC_MATCH,True
b0011,INV0011,INV0011,100.0,70.0,MATCHED,False,,,,,,,MATCHED,DETERMINISTIC_MATCH,True
b0381,INV0381,INV0381,100.0,63.75,MATCHED,False,,,,,,,MATCHED,DETERMINISTIC_MATCH,True
b0104,INV0104,INV0104,100.0,70.0,MATCHED,False,,,,,,,MATCHED,DETERMINISTIC_MATCH,True
b0082,INV0082,,63.75,63.75,EXCEPTION,False,,,,,,,EXCEPTION,NO_CANDIDATE,False
b0039,INV0039,INV0039,100.0,70.0,MATCHED,False,,,,,,,MATCHED,DETERMINISTIC_MATCH,True
b0315,INV0315,INV0315,100.0,70.0,MATCHED,False,,,,,,,MATCHED,DETERMINISTIC_MATCH,True
b0168,INV0168,INV0168,100.0,70.0,MATCHED,False,,,,,,,MATCHED,DETERMINISTIC_MATCH,True
b0470,INV0470,INV0479,82.0,70.0,UNCERTAIN,False,MATCH,INV0479,82.0,LOW,"The transaction matches the ERP candidate on reference, amount, date and vendor.",,REVIEW,AI_GUARD_REJECTED,False
b0297,INV0297,INV0297,100.0,70.0,MATCHED,False,,,,,,,MATCHED,DETERMINISTIC_MATCH,True
b0475,INV0475,INV0475,100.0,56.66666666666667,MATCHED,False,,,,,,,MATCHED,DETERMINISTIC_MATCH,True
b0199,INV0199,INV0199,100.0,52.5,MATCHED,False,,,,,,,MATCHED,DETERMINISTIC_MATCH,True
b0298,INV0298,INV0298,100.0,70.0,MATCHED,False,,,,,,,MATCHED,DETERMINISTIC_MATCH,True
b0417,INV0417,INV0417,100.0,70.0,MATCHED,False,,,,,,,MATCHED,DETERMINISTIC_MATCH,True
b0147,INV0147,INV0147,100.0,50.0,MATCHED,False,,,,,,,MATCHED,DETERMINISTIC_MATCH,True
b0393,INV0393,INV0393,100.0,55.78947368421053,MATCHED,False,,,,,,,MATCHED,DETERMINISTIC_MATCH,True
b0148,INV0148,INV0148,100.0,63.75,MATCHED,False,,,,,,,MATCHED,DETERMINISTIC_MATCH,True
b0448,INV0448,INV0448,100.0,70.0,MATCHED,False,,,,,,,MATCHED,DETERMINISTIC_MATCH,True
b0288,INV0288,INV0288,100.0,70.0,MATCHED,False,,,,,,,MATCHED,DETERMINISTIC_MATCH,True
b0124,INV0124,INV0124,100.0,70.0,MATCHED,False,,,,,,,MATCHED,DETERMINISTIC_MATCH,True
b0369,INV0369,INV0369,100.0,70.0,MATCHED,False,,,,,,,MATCHED,DETERMINISTIC_MATCH,True
b0097,INV0097,INV0097,100.0,70.0,MATCHED,False,,,,,,,MATCHED,DETERMINISTIC_MATCH,True
b0144,INV0144,INV0144,100.0,70.0,MATCHED,False,,,,,,,MATCHED,DETERMINISTIC_MATCH,True
b0240,INV0240,INV0240,100.0,70.0,MATCHED,False,,,,,,,MATCHED,DETERMINISTIC_MATCH,True
b0443,INV0443,INV0443,100.0,70.0,MATCHED,False,,,,,,,MATCHED,DETERMINISTIC_MATCH,True
b0098,INV0098,INV0098,100.0,63.75,MATCHED,False,,,,,,,MATCHED,DETERMINISTIC_MATCH,True
b0408,INV0408,INV0408,100.0,63.75,MATCHED,False,,,,,,,MATCHED,DETERMINISTIC_MATCH,True
b0123,INV0123,INV0123,100.0,70.0,MATCHED,False,,,,,,,MATCHED,DETERMINISTIC_MATCH,True
b0184,INV0184,INV0184,100.0,50.0,MATCHED,False,,,,,,,MATCHED,DETERMINISTIC_MATCH,True
b0203,INV0203,INV0203,100.0,82.0,MATCHED,False,,,,,,,MATCHED,DETERMINISTIC_MATCH,True
b0247,INV0247,INV0247,100.0,70.0,MATCHED,False,,,,,,,MATCHED,DETERMINISTIC_MATCH,True
b0306,INV0306,INV0306,100.0,49.523809523809526,MATCHED,False,,,,,,,MATCHED,DETERMINISTIC_MATCH,True
b0299,INV0299,INV0299,100.0,63.75,MATCHED,False,,,,,,,MATCHED,DETERMINISTIC_MATCH,True
b0352,INV0352,INV0352,100.0,56.66666666666667,MATCHED,False,,,,,,,MATCHED,DETERMINISTIC_MATCH,True
b0387,INV0387,INV0387,100.0,66.66666666666667,MATCHED,False,,,,,,,MATCHED,DETERMINISTIC_MATCH,True
b0396,INV0396,INV0396,100.0,48.333333333333336,MATCHED,False,,,,,,,MATCHED,DETERMINISTIC_MATCH,True
b0285,INV0285,INV0285,100.0,82.0,MATCHED,False,,,,,,,MATCHED,DETERMINISTIC_MATCH,True
b0126,INV0126,INV0126,100.0,56.66666666666667,MATCHED,False,,,,,,,MATCHED,DETERMINISTIC_MATCH,True
b0303,INV0303,INV0303,100.0,79.0,MATCHED,False,,,,,,,MATCHED,DETERMINISTIC_MATCH,True
b0224,INV0224,INV0224,100.0,63.75,MATCHED,False,,,,,,,MATCHED,DETERMINISTIC_MATCH,True
b0419,INV0419,INV0419,100.0,55.78947368421053,MATCHED,False,,,,,,,MATCHED,DETERMINISTIC_MATCH,True
b0220,INV0220,INV0220,100.0,65.88235294117646,MATCHED,False,,,,,,,MATCHED,DETERMINISTIC_MATCH,True
b0130,INV0130,INV0130,100.0,70.0,MATCHED,False,,,,,,,MATCHED,DETERMINISTIC_MATCH,True
b0421,INV0421,INV0421,100.0,70.0,MATCHED,False,,,,,,,MATCHED,DETERMINISTIC_MATCH,True
b0290,INV0290,INV0290,100.0,70.0,MATCHED,False,,,,,,,MATCHED,DETERMINISTIC_MATCH,True
b0445,INV0445,INV0445,100.0,63.75,MATCHED,False,,,,,,,MATCHED,DETERMINISTIC_MATCH,True
b0377,INV0377,INV0377,100.0,46.25,MATCHED,False,,,,,,,MATCHED,DETERMINISTIC_MATCH,True
b0292,INV0292,INV0292,100.0,52.5,MATCHED,False,,,,,,,MATCHED,DETERMINISTIC_MATCH,True
b0356,INV0356,INV0356,100.0,64.16666666666666,MATCHED,False,,,,,,,MATCHED,DETERMINISTIC_MATCH,True
b0295,INV0295,INV0295,100.0,56.66666666666667,MATCHED,False,,,,,,,MATCHED,DETERMINISTIC_MATCH,True
b0397,INV0397,INV0397,100.0,52.5,MATCHED,False,,,,,,,MATCHED,DETERMINISTIC_MATCH,True
b0341,INV0341,INV0341,100.0,55.78947368421053,MATCHED,False,,,,,,,MATCHED,DETERMINISTIC_MATCH,True
b0113,INV0113,INV0113,100.0,70.0,MATCHED,False,,,,,,,MATCHED,DETERMINISTIC_MATCH,True
b0180,INV0180,INV0180,100.0,70.0,MATCHED,False,,,,,,,MATCHED,DETERMINISTIC_MATCH,True
b0308,INV0308,INV0308,100.0,70.0,MATCHED,False,,,,,,,MATCHED,DETERMINISTIC_MATCH,True
b0433,INV0433,INV0433,100.0,70.0,MATCHED,False,,,,,,,MATCHED,DETERMINISTIC_MATCH,True
b0488,INV0488,INV0488,100.0,56.66666666666667,MATCHED,False,,,,,,,MATCHED,DETERMINISTIC_MATCH,True
b0482,INV0482,INV0482,100.0,70.0,MATCHED,False,,,,,,,MATCHED,DETERMINISTIC_MATCH,True
b0423,INV0423,INV0423,100.0,52.5,MATCHED,False,,,,,,,MATCHED,DETERMINISTIC_MATCH,True
b0234,INV0234,INV0234,100.0,47.14285714285714,MATCHED,False,,,,,,,MATCHED,DETERMINISTIC_MATCH,True
b0312,INV0312,INV0312,100.0,70.0,MATCHED,False,,,,,,,MATCHED,DETERMINISTIC_MATCH,True
b0165,INV0165,INV0165,100.0,70.0,MATCHED,False,,,,,,,MATCHED,DETERMINISTIC_MATCH,True
b0137,INV0137,INV0137,100.0,63.75,MATCHED,False,,,,,,,MATCHED,DETERMINISTIC_MATCH,True
b0198,INV0198,INV0198,100.0,70.0,MATCHED,False,,,,,,,MATCHED,DETERMINISTIC_MATCH,True
b0259,INV0259,,53.166666666666664,52.5,EXCEPTION,False,,,,,,,EXCEPTION,NO_CANDIDATE,False
b0233,INV0233,INV0233,100.0,70.0,MATCHED,False,,,,,,,MATCHED,DETERMINISTIC_MATCH,True
b0116,INV0116,INV0116,100.0,56.66666666666667,MATCHED,False,,,,,,,MATCHED,DETERMINISTIC_MATCH,True
b0121,INV0121,INV0121,100.0,70.0,MATCHED,False,,,,,,,MATCHED,DETERMINISTIC_MATCH,True
b0350,INV0350,INV0350_DUP,100.0,100.0,UNCERTAIN,True,,,,,,,REVIEW,DUPLICATE_CANDIDATE,False
b0225,INV0225,,55.78947368421053,50.714285714285715,EXCEPTION,False,,,,,,,EXCEPTION,NO_CANDIDATE,False
b0403,INV0403,INV0403,100.0,70.0,MATCHED,False,,,,,,,MATCHED,DETERMINISTIC_MATCH,True
b0398,INV0398,INV0398,100.0,70.0,MATCHED,False,,,,,,,MATCHED,DETERMINISTIC_MATCH,True
b0128,INV0128,INV0128,100.0,70.0,MATCHED,False,,,,,,,MATCHED,DETERMINISTIC_MATCH,True
b0286,INV0286,INV0286,100.0,70.0,MATCHED,False,,,,,,,MATCHED,DETERMINISTIC_MATCH,True
b0412,INV0412,INV0412,100.0,70.0,MATCHED,False,,,,,,,MATCHED,DETERMINISTIC_MATCH,True
b0108,INV0108,INV0108,100.0,56.66666666666667,MATCHED,False,,,,,,,MATCHED,DETERMINISTIC_MATCH,True
b0371,INV0371,INV0371,100.0,55.78947368421053,MATCHED,False,,,,,,,MATCHED,DETERMINISTIC_MATCH,True
b0326,INV0326,INV0326,100.0,70.0,MATCHED,False,,,,,,,MATCHED,DETERMINISTIC_MATCH,True
b0134,INV0134,INV0134,100.0,47.69230769230769,MATCHED,False,,,,,,,MATCHED,DETERMINISTIC_MATCH,True
b0453,INV0453,INV0453,100.0,70.0,MATCHED,False,,,,,,,MATCHED,DETERMINISTIC_MATCH,True
b0045,INV0045,INV0045,100.0,59.5,MATCHED,False,,,,,,,MATCHED,DETERMINISTIC_MATCH,True
b0461,INV0461,,47.14285714285714,47.14285714285714,EXCEPTION,False,,,,,,,EXCEPTION,NO_CANDIDATE,False
b0066,INV0066,INV0066,100.0,70.0,MATCHED,False,,,,,,,MATCHED,DETERMINISTIC_MATCH,True
b0284,INV0284,INV0284,100.0,70.0,MATCHED,False,,,,,,,MATCHED,DETERMINISTIC_MATCH,True
b0086,INV0086,INV0086,100.0,58.523809523809526,MATCHED,False,,,,,,,MATCHED,DETERMINISTIC_MATCH,True
b0243,INV0243,INV0243,100.0,70.0,MATCHED,False,,,,,,,MATCHED,DETERMINISTIC_MATCH,True
b0187,INV0187,,47.69230769230769,47.69230769230769,EXCEPTION,False,,,,,,,EXCEPTION,NO_CANDIDATE,False
b0384,INV0384,INV0384,100.0,60.0,MATCHED,False,,,,,,,MATCHED,DETERMINISTIC_MATCH,True
b0160,INV0160,INV0160,100.0,56.54545454545455,MATCHED,False,,,,,,,MATCHED,DETERMINISTIC_MATCH,True
b0013,INV0013,INV0013,100.0,70.0,MATCHED,False,,,,,,,MATCHED,DETERMINISTIC_MATCH,True
b0036,INV0036,INV0036,100.0,100.0,UNCERTAIN,True,,,,,,,REVIEW,DUPLICATE_CANDIDATE,True
b0029,INV0029,INV0029,100.0,63.75,MATCHED,False,,,,,,,MATCHED,DETERMINISTIC_MATCH,True
b0171,INV0171,INV0171,100.0,70.0,MATCHED,False,,,,,,,MATCHED,DETERMINISTIC_MATCH,True
b0143,INV0143,INV0143,100.0,47.69230769230769,MATCHED,False,,,,,,,MATCHED,DETERMINISTIC_MATCH,True
b0399,INV0399,INV0399,100.0,52.5,MATCHED,False,,,,,,,MATCHED,DETERMINISTIC_MATCH,True
b0343,INV0343,INV0343,100.0,52.5,MATCHED,False,,,,,,,MATCHED,DETERMINISTIC_MATCH,True
b0222,INV0222,INV0222,100.0,70.0,MATCHED,False,,,,,,,MATCHED,DETERMINISTIC_MATCH,True
b0096,INV0096,INV0096,100.0,63.75,MATCHED,False,,,,,,,MATCHED,DETERMINISTIC_MATCH,True
b0052,INV0052,INV0052_DUP,100.0,100.0,UNCERTAIN,True,,,,,,,REVIEW,DUPLICATE_CANDIDATE,False
b0241,INV0241,INV0241,100.0,70.0,MATCHED,False,,,,,,,MATCHED,DETERMINISTIC_MATCH,True
b0485,INV0485,INV0485,100.0,56.66666666666667,MATCHED,False,,,,,,,MATCHED,DETERMINISTIC_MATCH,True
b0379,INV0379,INV0379,100.0,70.0,MATCHED,False,,,,,,,MATCHED,DETERMINISTIC_MATCH,True
b0179,INV0179,INV0179,100.0,70.0,MATCHED,False,,,,,,,MATCHED,DETERMINISTIC_MATCH,True
b0042,INV0042,INV0042,100.0,64.5,MATCHED,False,,,,,,,MATCHED,DETERMINISTIC_MATCH,True
b0499,INV0499,INV0499,100.0,70.0,MATCHED,False,,,,,,,MATCHED,DETERMINISTIC_MATCH,True
b0422,INV0422,INV0422,100.0,70.0,MATCHED,False,,,,,,,MATCHED,DETERMINISTIC_MATCH,True
b0207,INV0207,INV0207,100.0,70.0,MATCHED,False,,,,,,,MATCHED,DETERMINISTIC_MATCH,True
b0283,INV0283,INV0283,100.0,70.0,MATCHED,False,,,,,,,MATCHED,DETERMINISTIC_MATCH,True
b0255,INV0255,INV0255,100.0,70.0,MATCHED,False,,,,,,,MATCHED,DETERMINISTIC_MATCH,True
b0413,INV0413,INV0413,100.0,70.0,MATCHED,False,,,,,,,MATCHED,DETERMINISTIC_MATCH,True
b0005,INV0005,INV0005,100.0,55.78947368421053,MATCHED,False,,,,,,,MATCHED,DETERMINISTIC_MATCH,True
b0257,INV0257,INV0257,100.0,70.0,MATCHED,False,,,,,,,MATCHED,DETERMINISTIC_MATCH,True
b0449,INV0449,INV0449,100.0,70.0,MATCHED,False,,,,,,,MATCHED,DETERMINISTIC_MATCH,True
b0101,INV0101,INV0101,100.0,48.333333333333336,MATCHED,False,,,,,,,MATCHED,DETERMINISTIC_MATCH,True
b0227,INV0227,INV0227,100.0,70.0,MATCHED,False,,,,,,,MATCHED,DETERMINISTIC_MATCH,True
b0430,INV0430,INV0430,100.0,70.0,MATCHED,False,,,,,,,MATCHED,DETERMINISTIC_MATCH,True
b0214,INV0214,INV0214,100.0,70.0,MATCHED,False,,,,,,,MATCHED,DETERMINISTIC_MATCH,True
b0172,INV0172,INV0172,100.0,70.0,MATCHED,False,,,,,,,MATCHED,DETERMINISTIC_MATCH,True
b0099,INV0099,INV0099,100.0,52.5,MATCHED,False,,,,,,,MATCHED,DETERMINISTIC_MATCH,True
b0293,INV0293,INV0293,100.0,70.0,MATCHED,False,,,,,,,MATCHED,DETERMINISTIC_MATCH,True
b0216,INV0216,INV0216,100.0,47.69230769230769,MATCHED,False,,,,,,,MATCHED,DETERMINISTIC_MATCH,True
b0062,INV0062,INV0062,100.0,64.5,MATCHED,False,,,,,,,MATCHED,DETERMINISTIC_MATCH,True
b0048,INV0048,INV0048,100.0,56.54545454545455,MATCHED,False,,,,,,,MATCHED,DETERMINISTIC_MATCH,True
b0033,INV0033,INV0033,100.0,70.0,MATCHED,False,,,,,,,MATCHED,DETERMINISTIC_MATCH,True
b0268,INV0268,,63.75,63.75,EXCEPTION,False,,,,,,,EXCEPTION,NO_CANDIDATE,False
b0328,INV0328,INV0328,100.0,70.0,MATCHED,False,,,,,,,MATCHED,DETERMINISTIC_MATCH,True
b0201,INV0201,INV0201,100.0,70.0,MATCHED,False,,,,,,,MATCHED,DETERMINISTIC_MATCH,True
b0447,INV0447,INV0447,100.0,54.88235294117647,MATCHED,False,,,,,,,MATCHED,DETERMINISTIC_MATCH,True
b0028,INV0028,INV0028_DUP,100.0,100.0,UNCERTAIN,True,,,,,,,REVIEW,DUPLICATE_CANDIDATE,False
b0425,INV0425,INV0425,100.0,56.66666666666667,MATCHED,False,,,,,,,MATCHED,DETERMINISTIC_MATCH,True
b0231,INV0231,,66.25,56.66666666666667,EXCEPTION,False,,,,,,,EXCEPTION,NO_CANDIDATE,False
b0261,INV0261,INV0261,100.0,47.69230769230769,MATCHED,False,,,,,,,MATCHED,DETERMINISTIC_MATCH,True
b0289,INV0289,INV0289,100.0,70.0,MATCHED,False,,,,,,,MATCHED,DETERMINISTIC_MATCH,True
b0163,INV0163,INV0163,100.0,70.0,MATCHED,False,,,,,,,MATCHED,DETERMINISTIC_MATCH,True
b0426,INV0426,INV0426,100.0,100.0,UNCERTAIN,True,,,,,,,REVIEW,DUPLICATE_CANDIDATE,True
b0139,INV0139,INV0139,100.0,76.0,MATCHED,False,,,,,,,MATCHED,DETERMINISTIC_MATCH,True
b0063,INV0063,INV0063,100.0,70.0,MATCHED,False,,,,,,,MATCHED,DETERMINISTIC_MATCH,True
b0136,INV0136,INV0136,100.0,52.5,MATCHED,False,,,,,,,MATCHED,DETERMINISTIC_MATCH,True
b0129,INV0129,INV0129,100.0,70.0,MATCHED,False,,,,,,,MATCHED,DETERMINISTIC_MATCH,True
b0477,INV0477,INV0477,100.0,70.0,MATCHED,False,,,,,,,MATCHED,DETERMINISTIC_MATCH,True
b0009,INV0009,INV0009,100.0,70.0,MATCHED,False,,,,,,,MATCHED,DETERMINISTIC_MATCH,True
b0327,INV0327,INV0327,100.0,70.0,MATCHED,False,,,,,,,MATCHED,DETERMINISTIC_MATCH,True
b0464,INV0464,INV0464,100.0,70.0,MATCHED,False,,,,,,,MATCHED,DETERMINISTIC_MATCH,True
b0065,INV0065,INV0065,100.0,70.0,MATCHED,False,,,,,,,MATCHED,DETERMINISTIC_MATCH,True
b0301,INV0301,INV0301,100.0,52.5,MATCHED,False,,,,,,,MATCHED,DETERMINISTIC_MATCH,True
b0015,INV0015,INV0015,100.0,70.0,MATCHED,False,,,,,,,MATCHED,DETERMINISTIC_MATCH,True
b0157,INV0157,INV0157,100.0,49.523809523809526,MATCHED,False,,,,,,,MATCHED,DETERMINISTIC_MATCH,True
b0041,INV0041,INV0041,100.0,49.125,MATCHED,False,,,,,,,MATCHED,DETERMINISTIC_MATCH,True
b0380,INV0380,INV0380,100.0,70.0,MATCHED,False,,,,,,,MATCHED,DETERMINISTIC_MATCH,True
b0469,INV0469,INV0469,100.0,46.25,MATCHED,False,,,,,,,MATCHED,DETERMINISTIC_MATCH,True
b0404,INV0404,INV0404,100.0,70.0,MATCHED,False,,,,,,,MATCHED,DETERMINISTIC_MATCH,True
b0217,INV0217,INV0217,100.0,55.78947368421053,MATCHED,False,,,,,,,MATCHED,DETERMINISTIC_MATCH,True
b0280,INV0280,INV0280,100.0,56.66666666666667,MATCHED,False,,,,,,,MATCHED,DETERMINISTIC_MATCH,True
b0435,INV0435,INV0435,100.0,56.66666666666667,MATCHED,False,,,,,,,MATCHED,DETERMINISTIC_MATCH,True
b0431,INV0431,INV0431,100.0,63.75,MATCHED,False,,,,,,,MATCHED,DETERMINISTIC_MATCH,True
b0338,INV0338,INV0338,100.0,70.0,MATCHED,False,,,,,,,MATCHED,DETERMINISTIC_MATCH,True
b0237,INV0237,INV0237,100.0,52.5,MATCHED,False,,,,,,,MATCHED,DETERMINISTIC_MATCH,True
b0208,INV0208,INV0208,100.0,70.0,MATCHED,False,,,,,,,MATCHED,DETERMINISTIC_MATCH,True
b0213,INV0213,INV0213,100.0,50.714285714285715,MATCHED,False,,,,,,,MATCHED,DETERMINISTIC_MATCH,True
b0296,INV0296,INV0296,100.0,49.523809523809526,MATCHED,False,,,,,,,MATCHED,DETERMINISTIC_MATCH,True
b0458,INV0458,INV0458,100.0,70.0,MATCHED,False,,,,,,,MATCHED,DETERMINISTIC_MATCH,True
b0252,INV0252,INV0252,100.0,63.75,MATCHED,False,,,,,,,MATCHED,DETERMINISTIC_MATCH,True
b0489,INV0489,INV0489,100.0,63.75,MATCHED,False,,,,,,,MATCHED,DETERMINISTIC_MATCH,True
b0487,INV0487,INV0487,100.0,70.0,MATCHED,False,,,,,,,MATCHED,DETERMINISTIC_MATCH,True
b0304,INV0304,INV0304,100.0,56.66666666666667,MATCHED,False,,,,,,,MATCHED,DETERMINISTIC_MATCH,True
b0351,INV0351,INV0351,100.0,63.57142857142857,MATCHED,False,,,,,,,MATCHED,DETERMINISTIC_MATCH,True
b0270,INV0270,INV0270,100.0,52.5,MATCHED,False,,,,,,,MATCHED,DETERMINISTIC_MATCH,True
b0202,INV0202,INV0202,100.0,70.0,MATCHED,False,,,,,,,MATCHED,DETERMINISTIC_MATCH,True
b0162,INV0162,INV0162,100.0,70.0,MATCHED,False,,,,,,,MATCHED,DETERMINISTIC_MATCH,True
b0044,INV0044,INV0443,70.0,70.0,UNCERTAIN,False,REVIEW,,55.0,MEDIUM,"The transaction requires review due to conflicting evidence. Multiple candidates have strong signals but no single candidate has exact reference, amount, date, and vendor match.",,REVIEW,AI_REVIEW,False
b0218,INV0218,INV0218,100.0,70.0,MATCHED,False,,,,,,,MATCHED,DETERMINISTIC_MATCH,True
b0402,INV0402,INV0402,100.0,70.0,MATCHED,False,,,,,,,MATCHED,DETERMINISTIC_MATCH,True
b0191,INV0191,INV0041,70.0,46.25,UNCERTAIN,False,REVIEW,,55.0,LOW,"The transaction matches the ERP candidate on reference, amount, and date, but there is a low vendor similarity score.",,REVIEW,AI_REVIEW,False
b0310,INV0310,INV0310,100.0,49.0,MATCHED,False,,,,,,,MATCHED,DETERMINISTIC_MATCH,True
b0260,INV0260,INV0260,100.0,52.5,MATCHED,False,,,,,,,MATCHED,DETERMINISTIC_MATCH,True
b0106,INV0106,INV0106,100.0,70.0,MATCHED,False,,,,,,,MATCHED,DETERMINISTIC_MATCH,True
b0054,INV0054,INV0054,100.0,56.66666666666667,MATCHED,False,,,,,,,MATCHED,DETERMINISTIC_MATCH,True
b0390,INV0390,INV0390,100.0,70.0,MATCHED,False,,,,,,,MATCHED,DETERMINISTIC_MATCH,True
b0002,INV0002,INV0002,100.0,90.0,MATCHED,False,,,,,,,MATCHED,DETERMINISTIC_MATCH,True
b0442,INV0442,INV0442,100.0,70.0,MATCHED,False,,,,,,,MATCHED,DETERMINISTIC_MATCH,True
b0483,INV0483,INV0483,100.0,70.0,MATCHED,False,,,,,,,MATCHED,DETERMINISTIC_MATCH,True
b0050,INV0050,INV0050,100.0,70.0,MATCHED,False,,,,,,,MATCHED,DETERMINISTIC_MATCH,True
b0420,INV0420,INV0420,100.0,70.0,MATCHED,False,,,,,,,MATCHED,DETERMINISTIC_MATCH,True
b0081,INV0081,INV0081,100.0,56.66666666666667,MATCHED,False,,,,,,,MATCHED,DETERMINISTIC_MATCH,True
b0206,INV0206,INV0206,100.0,70.0,MATCHED,False,,,,,,,MATCHED,DETERMINISTIC_MATCH,True
b0035,INV0035,INV0035,100.0,52.5,MATCHED,False,,,,,,,MATCHED,DETERMINISTIC_MATCH,True
b0264,INV0264,INV0264,100.0,70.0,MATCHED,False,,,,,,,MATCHED,DETERMINISTIC_MATCH,True
b0428,INV0428,INV0428,100.0,63.75,MATCHED,False,,,,,,,MATCHED,DETERMINISTIC_MATCH,True
b0367,INV0367,INV0367,100.0,70.0,MATCHED,False,,,,,,,MATCHED,DETERMINISTIC_MATCH,True
b0092,INV0092,INV0092,100.0,70.0,MATCHED,False,,,,,,,MATCHED,DETERMINISTIC_MATCH,True
b0340,INV0340,INV0340,100.0,47.69230769230769,MATCHED,False,,,,,,,MATCHED,DETERMINISTIC_MATCH,True
b0474,INV0474,INV0474,100.0,52.5,MATCHED,False,,,,,,,MATCHED,DETERMINISTIC_MATCH,True
b0053,INV0053,INV0374,70.0,70.0,UNCERTAIN,False,MATCH,INV0374,95.0,LOW,"The transaction matches the ERP candidate on reference, amount, date and vendor.",,REVIEW,AI_GUARD_REJECTED,False
b0346,INV0346,INV0346,100.0,70.0,MATCHED,False,,,,,,,MATCHED,DETERMINISTIC_MATCH,True
b0265,INV0265,INV0265,100.0,70.0,MATCHED,False,,,,,,,MATCHED,DETERMINISTIC_MATCH,True
b0242,INV0242,INV0242,100.0,57.0,MATCHED,False,,,,,,,MATCHED,DETERMINISTIC_MATCH,True
b0014,INV0014,INV0014,100.0,63.75,MATCHED,False,,,,,,,MATCHED,DETERMINISTIC_MATCH,True
b0316,INV0316,INV0316,100.0,70.0,MATCHED,False,,,,,,,MATCHED,DETERMINISTIC_MATCH,True
b0089,INV0089,INV0097,70.0,70.0,UNCERTAIN,False,MATCH,INV0097,95.0,LOW,"The transaction matches the ERP candidate on reference, amount, date and vendor.",,REVIEW,AI_GUARD_REJECTED,False
b0388,INV0388,INV0388,100.0,56.66666666666667,MATCHED,False,,,,,,,MATCHED,DETERMINISTIC_MATCH,True
b0274,INV0274,INV0274,100.0,70.0,MATCHED,False,,,,,,,MATCHED,DETERMINISTIC_MATCH,True
b0167,INV0167,INV0167,100.0,47.14285714285714,MATCHED,False,,,,,,,MATCHED,DETERMINISTIC_MATCH,True
b0329,INV0329,INV0329,100.0,52.5,MATCHED,False,,,,,,,MATCHED,DETERMINISTIC_MATCH,True
b0493,INV0493,INV0493,100.0,70.0,MATCHED,False,,,,,,,MATCHED,DETERMINISTIC_MATCH,True
b0135,INV0135,INV0135,100.0,70.0,MATCHED,False,,,,,,,MATCHED,DETERMINISTIC_MATCH,True
b0307,INV0307,INV0307,100.0,70.0,MATCHED,False,,,,,,,MATCHED,DETERMINISTIC_MATCH,True
b0481,INV0481,INV0481,100.0,56.66666666666667,MATCHED,False,,,,,,,MATCHED,DETERMINISTIC_MATCH,True
b0320,INV0320,INV0320,100.0,70.0,MATCHED,False,,,,,,,MATCHED,DETERMINISTIC_MATCH,True
b0244,INV0244,INV0244,100.0,70.0,MATCHED,False,,,,,,,MATCHED,DETERMINISTIC_MATCH,True
b0055,INV0055,INV0055,100.0,70.0,MATCHED,False,,,,,,,MATCHED,DETERMINISTIC_MATCH,True
b0364,INV0364,INV0364,100.0,49.57142857142857,MATCHED,False,,,,,,,MATCHED,DETERMINISTIC_MATCH,True
b0051,INV0051,INV0051,100.0,55.78947368421053,MATCHED,False,,,,,,,MATCHED,DETERMINISTIC_MATCH,True
b0457,INV0457,INV0457,100.0,70.0,MATCHED,False,,,,,,,MATCHED,DETERMINISTIC_MATCH,True
b0175,INV0175,INV0175,100.0,70.0,MATCHED,False,,,,,,,MATCHED,DETERMINISTIC_MATCH,True
b0446,INV0446,INV0446,100.0,70.0,MATCHED,False,,,,,,,MATCHED,DETERMINISTIC_MATCH,True
b0190,INV0190,INV0190,100.0,63.75,MATCHED,False,,,,,,,MATCHED,DETERMINISTIC_MATCH,True
b0497,INV0497,INV0497,100.0,70.0,MATCHED,False,,,,,,,MATCHED,DETERMINISTIC_MATCH,True
b0188,INV0188,INV0188,100.0,48.333333333333336,MATCHED,False,,,,,,,MATCHED,DETERMINISTIC_MATCH,True
b0170,INV0170,INV0170,100.0,56.66666666666667,MATCHED,False,,,,,,,MATCHED,DETERMINISTIC_MATCH,True
b0059,INV0059,INV0059,100.0,56.66666666666667,MATCHED,False,,,,,,,MATCHED,DETERMINISTIC_MATCH,True
b0049,INV0049,INV0049,100.0,70.0,MATCHED,False,,,,,,,MATCHED,DETERMINISTIC_MATCH,True
b0345,INV0345,INV0345,100.0,70.0,MATCHED,False,,,,,,,MATCHED,DETERMINISTIC_MATCH,True
b0236,INV0236,INV0236,100.0,70.0,MATCHED,False,,,,,,,MATCHED,DETERMINISTIC_MATCH,True
b0253,INV0253,INV0253,100.0,52.5,MATCHED,False,,,,,,,MATCHED,DETERMINISTIC_MATCH,True
b0022,INV0022,INV0022,100.0,70.0,MATCHED,False,,,,,,,MATCHED,DETERMINISTIC_MATCH,True
b0314,INV0314,INV0314,100.0,56.66666666666667,MATCHED,False,,,,,,,MATCHED,DETERMINISTIC_MATCH,True
b0460,INV0460,INV0460,100.0,70.0,MATCHED,False,,,,,,,MATCHED,DETERMINISTIC_MATCH,True
b0161,INV0161,INV0161,100.0,70.0,MATCHED,False,,,,,,,MATCHED,DETERMINISTIC_MATCH,True
b0277,INV0277,INV0277,100.0,70.0,MATCHED,False,,,,,,,MATCHED,DETERMINISTIC_MATCH,True
b0444,INV0444,INV0444,100.0,56.66666666666667,MATCHED,False,,,,,,,MATCHED,DETERMINISTIC_MATCH,True
b0192,INV0192,INV0192,100.0,60.0,MATCHED,False,,,,,,,MATCHED,DETERMINISTIC_MATCH,True
b0386,INV0386,INV0386,100.0,70.0,MATCHED,False,,,,,,,MATCHED,DETERMINISTIC_MATCH,True
b0294,INV0294,INV0294,100.0,52.5,MATCHED,False,,,,,,,MATCHED,DETERMINISTIC_MATCH,True
b0414,INV0414,INV0414,100.0,70.0,MATCHED,False,,,,,,,MATCHED,DETERMINISTIC_MATCH,True
b0344,INV0344,INV0344,100.0,47.69230769230769,MATCHED,False,,,,,,,MATCHED,DETERMINISTIC_MATCH,True
b0258,INV0258,INV0258,100.0,70.0,MATCHED,False,,,,,,,MATCHED,DETERMINISTIC_MATCH,True
b0309,INV0309,INV0309,100.0,52.5,MATCHED,False,,,,,,,MATCHED,DETERMINISTIC_MATCH,True
b0150,INV0150,INV0150,100.0,70.0,MATCHED,False,,,,,,,MATCHED,DETERMINISTIC_MATCH,True
b0131,INV0131,INV0131,100.0,82.0,MATCHED,False,,,,,,,MATCHED,DETERMINISTIC_MATCH,True
b0152,INV0152,INV0152,100.0,56.54545454545455,MATCHED,False,,,,,,,MATCHED,DETERMINISTIC_MATCH,True
b0360,INV0360,INV0360,100.0,79.0,MATCHED,False,,,,,,,MATCHED,DETERMINISTIC_MATCH,True
b0100,INV0100,INV0100,100.0,70.0,MATCHED,False,,,,,,,MATCHED,DETERMINISTIC_MATCH,True
b0373,INV0373,INV0373,100.0,70.0,MATCHED,False,,,,,,,MATCHED,DETERMINISTIC_MATCH,True
b0088,INV0088,INV0088,100.0,70.0,MATCHED,False,,,,,,,MATCHED,DETERMINISTIC_MATCH,True
b0459,INV0459,INV0459,100.0,50.0,MATCHED,False,,,,,,,MATCHED,DETERMINISTIC_MATCH,True
b0331,INV0331,,64.16666666666666,52.5,EXCEPTION,False,,,,,,,EXCEPTION,NO_CANDIDATE,False
b0215,INV0215,INV0215,100.0,48.333333333333336,MATCHED,False,,,,,,,MATCHED,DETERMINISTIC_MATCH,True
b0467,INV0467,INV0467,100.0,70.0,MATCHED,False,,,,,,,MATCHED,DETERMINISTIC_MATCH,True
b0122,INV0122,INV0122,100.0,70.0,MATCHED,False,,,,,,,MATCHED,DETERMINISTIC_MATCH,True
b0500,INV0500,INV0500,100.0,70.0,MATCHED,False,,,,,,,MATCHED,DETERMINISTIC_MATCH,True
b0021,INV0021,INV0185,70.0,70.0,UNCERTAIN,False,REVIEW,,55.0,LOW,"The transaction matches the ERP candidate on reference, amount, and date, but there is no strong vendor similarity.",,REVIEW,AI_REVIEW,False
b0189,INV0189,INV0189,100.0,63.75,MATCHED,False,,,,,,,MATCHED,DETERMINISTIC_MATCH,True
b0072,INV0072,INV0072,100.0,70.0,MATCHED,False,,,,,,,MATCHED,DETERMINISTIC_MATCH,True
b0107,INV0107,INV0107,100.0,56.66666666666667,MATCHED,False,,,,,,,MATCHED,DETERMINISTIC_MATCH,True
b0271,INV0271,INV0271,100.0,50.54545454545455,MATCHED,False,,,,,,,MATCHED,DETERMINISTIC_MATCH,True
b0349,INV0349,INV0349,100.0,70.0,MATCHED,False,,,,,,,MATCHED,DETERMINISTIC_MATCH,True
b0436,INV0436,INV0436,100.0,70.0,MATCHED,False,,,,,,,MATCHED,DETERMINISTIC_MATCH,True
b0103,INV0103,INV0103,100.0,70.0,MATCHED,False,,,,,,,MATCHED,DETERMINISTIC_MATCH,True
